{
  "best_epoch": 38,
  "best_train_metrics": {
    "loss": 0.2753259650230408,
    "loss_sup": 0.19145261449813844,
    "loss_rec": 0.8327064030647278,
    "loss_sparse": 0.060270807439088823,
    "coord_acc": 0.987559375,
    "exact_match": 0.916025,
    "hamming_distance": 0.19905,
    "support_precision": 0.9502375,
    "support_recall": 0.9502375,
    "soft_residual_abs_mean": 27.434395642089843,
    "soft_circular_loss": 0.8327064030647278,
    "hard_residual_abs_mean": 2.601071484375,
    "hard_circular_loss": 0.08145404701828957
  },
  "best_test_metrics": {
    "loss": 0.2935843252658844,
    "loss_sup": 0.20899871966838837,
    "loss_rec": 0.8404957619667053,
    "loss_sparse": 0.053602713966369626,
    "coord_acc": 0.9688125002861023,
    "exact_match": 0.8095000000953674,
    "hamming_distance": 0.4990000002861023,
    "support_precision": 0.8752499995231628,
    "support_recall": 0.8752499995231628,
    "soft_residual_abs_mean": 27.635001858520507,
    "soft_circular_loss": 0.8404957619667053,
    "hard_residual_abs_mean": 5.875514060211182,
    "hard_circular_loss": 0.18382568619251252
  },
  "args": {
    "n": 16,
    "M": 128,
    "q": 127,
    "num_samples": 50000,
    "train_fraction": 0.8,
    "secret_split": true,
    "train_secret_fraction": 0.8,
    "split_seed": 1234,
    "batch_size": 512,
    "epochs": 50,
    "lr": 0.0001,
    "weight_decay": 0.001,
    "sigma_e": 0.0,
    "secret_mode": "fixed_h",
    "h": 2,
    "T": 3,
    "embed_dim": 128,
    "num_heads": 4,
    "depth": 2,
    "step_size": 0.5,
    "loss_rec_weight": 0.1,
    "loss_sparse_weight": 0.01,
    "run_dir": null,
    "save_best": false,
    "log_interval": 1,
    "seed": 0
  }
}