{
  "best_epoch": 10,
  "best_train_metrics": {
    "loss": 0.5616113333702087,
    "loss_sup": 0.4293103355884552,
    "loss_rec": 0.9876753181457519,
    "loss_sparse": 3.3533466396331786,
    "coord_acc": 0.78235,
    "exact_match": 0.009125,
    "hamming_distance": 3.4824,
    "support_precision": 0.1294,
    "support_recall": 0.1294,
    "soft_residual_abs_mean": 31.43124013671875,
    "soft_circular_loss": 0.9876753181457519,
    "hard_residual_abs_mean": 31.4600361328125,
    "hard_circular_loss": 0.9909216369628906
  },
  "best_test_metrics": {
    "loss": 0.5778920233726501,
    "loss_sup": 0.45417176580429075,
    "loss_rec": 1.002540990447998,
    "loss_sparse": 2.3466159439086915,
    "coord_acc": 0.785725,
    "exact_match": 0.0167,
    "hamming_distance": 3.4284,
    "support_precision": 0.1429,
    "support_recall": 0.1429,
    "soft_residual_abs_mean": 31.814131002807617,
    "soft_circular_loss": 1.002540990447998,
    "hard_residual_abs_mean": 31.2656453125,
    "hard_circular_loss": 0.9852289489746093
  },
  "args": {
    "n": 16,
    "M": 128,
    "q": 127,
    "num_samples": 50000,
    "train_fraction": 0.8,
    "secret_split": true,
    "train_secret_fraction": 0.8,
    "split_seed": 1234,
    "batch_size": 128,
    "epochs": 50,
    "lr": 0.0001,
    "weight_decay": 0.001,
    "sigma_e": 0.0,
    "secret_mode": "fixed_h",
    "h": 2,
    "T": 6,
    "embed_dim": 128,
    "num_heads": 4,
    "depth": 2,
    "step_size": 0.5,
    "loss_rec_weight": 0.1,
    "loss_sparse_weight": 0.01,
    "run_dir": null,
    "save_best": false,
    "log_interval": 1,
    "seed": 0
  }
}