{
  "best_epoch": 47,
  "best_train_metrics": {
    "loss": 0.2741574599742889,
    "loss_sup": 0.1901065227508545,
    "loss_rec": 0.8342064599990845,
    "loss_sparse": 0.06302873486280441,
    "coord_acc": 0.989228125,
    "exact_match": 0.92695,
    "hamming_distance": 0.17235,
    "support_precision": 0.9569125,
    "support_recall": 0.9569125,
    "soft_residual_abs_mean": 27.474161895751955,
    "soft_circular_loss": 0.8342064599990845,
    "hard_residual_abs_mean": 2.9673533203125,
    "hard_circular_loss": 0.07197231072485447
  },
  "best_val_metrics": {
    "loss": 0.2916588274955749,
    "loss_sup": 0.20812439975738525,
    "loss_rec": 0.8307670691490173,
    "loss_sparse": 0.04577122858762741,
    "coord_acc": 0.9706999977111817,
    "exact_match": 0.8233999981880188,
    "hamming_distance": 0.46879999923706056,
    "support_precision": 0.8828000001907349,
    "support_recall": 0.8828000001907349,
    "soft_residual_abs_mean": 27.387191790771485,
    "soft_circular_loss": 0.8307670691490173,
    "hard_residual_abs_mean": 6.076245310974121,
    "hard_circular_loss": 0.17144284040927887
  },
  "final_test_metrics": {
    "loss": 0.2900265751361847,
    "loss_sup": 0.20676272695064546,
    "loss_rec": 0.8281577070236206,
    "loss_sparse": 0.04480817493200302,
    "coord_acc": 0.9724749995231629,
    "exact_match": 0.832399998474121,
    "hamming_distance": 0.4403999982833862,
    "support_precision": 0.8898999980926514,
    "support_recall": 0.8898999980926514,
    "soft_residual_abs_mean": 27.32165820007324,
    "soft_circular_loss": 0.8281577070236206,
    "hard_residual_abs_mean": 5.810828131866455,
    "hard_circular_loss": 0.16295967943668366
  },
  "args": {
    "n": 16,
    "M": 128,
    "q": 127,
    "num_samples": 50000,
    "train_fraction": 0.8,
    "val_fraction": 0.1,
    "secret_split": true,
    "train_secret_fraction": 0.8,
    "val_secret_fraction": 0.1,
    "split_seed": 1234,
    "split_trials": 128,
    "batch_size": 512,
    "epochs": 50,
    "lr": 0.0001,
    "weight_decay": 0.001,
    "sigma_e": 1.0,
    "secret_mode": "fixed_h",
    "h": 2,
    "T": 3,
    "embed_dim": 128,
    "num_heads": 4,
    "depth": 2,
    "step_size": 0.5,
    "loss_rec_weight": 0.1,
    "loss_sparse_weight": 0.01,
    "run_dir": null,
    "save_best": false,
    "log_interval": 1,
    "seed": 0
  }
}