{
  "best_epoch": 28,
  "best_train_metrics": {
    "loss": 0.49086691961288453,
    "loss_sup": 0.38891372890472414,
    "loss_rec": 1.0195318887710572,
    "loss_sparse": 0.0,
    "coord_acc": 0.509134375,
    "exact_match": 0.0,
    "hamming_distance": 7.85385,
    "pred_pos_mean": 7.86265,
    "true_pos_mean": 2.0,
    "support_precision": 0.12782326061725616,
    "support_recall": 0.5022,
    "soft_residual_abs_mean": 32.25259626464844,
    "soft_circular_loss": 1.0195318887710572,
    "hard_residual_abs_mean": 31.7405326171875,
    "hard_circular_loss": 0.9996226207733154
  },
  "best_val_metrics": {
    "loss": 0.4909472859382629,
    "loss_sup": 0.3889136291027069,
    "loss_rec": 1.0203365697860718,
    "loss_sparse": 0.0,
    "coord_acc": 0.5079999991416931,
    "exact_match": 0.0,
    "hamming_distance": 7.871999976348877,
    "pred_pos_mean": 7.99479998703003,
    "true_pos_mean": 2.0,
    "support_precision": 0.13268331153392793,
    "support_recall": 0.530699997997284,
    "soft_residual_abs_mean": 32.277689318847656,
    "soft_circular_loss": 1.0203365697860718,
    "hard_residual_abs_mean": 31.7052796875,
    "hard_circular_loss": 0.9983708151817322
  },
  "best_decode_threshold": 0.0,
  "final_test_metrics": {
    "loss": 0.4908755381584167,
    "loss_sup": 0.3889136368274689,
    "loss_rec": 1.0196189813613892,
    "loss_sparse": 0.0,
    "coord_acc": 0.5013249991416932,
    "exact_match": 0.0,
    "hamming_distance": 7.9788000137329105,
    "pred_pos_mean": 7.995599984741211,
    "true_pos_mean": 2.0,
    "support_precision": 0.12641154186725617,
    "support_recall": 0.5041999974250794,
    "soft_residual_abs_mean": 32.25062921142578,
    "soft_circular_loss": 1.0196189813613892,
    "hard_residual_abs_mean": 31.712829626464845,
    "hard_circular_loss": 0.998723715209961
  },
  "args": {
    "n": 16,
    "M": 128,
    "q": 127,
    "num_samples": 50000,
    "train_fraction": 0.8,
    "val_fraction": 0.1,
    "secret_split": true,
    "train_secret_fraction": 0.8,
    "val_secret_fraction": 0.1,
    "split_seed": 1234,
    "split_trials": 128,
    "batch_size": 512,
    "epochs": 50,
    "lr": 0.0001,
    "weight_decay": 0.001,
    "sigma_e": 1.0,
    "secret_mode": "fixed_h",
    "h": 2,
    "blind_h": true,
    "T": 3,
    "embed_dim": 256,
    "num_heads": 8,
    "depth": 2,
    "step_size": 0.5,
    "loss_rec_weight": 0.1,
    "loss_sparse_weight": 0.01,
    "pos_weight_mode": "none",
    "pos_weight": 1.0,
    "decode_mode": "mean_score",
    "run_dir": null,
    "save_best": false,
    "log_interval": 1,
    "seed": 0
  }
}