{
  "best_epoch": 6,
  "best_train_metrics": {
    "loss": 0.49087718658447266,
    "loss_sup": 0.38892315435409547,
    "loss_rec": 1.0195403099060059,
    "loss_sparse": 0.0,
    "coord_acc": 0.6040390625,
    "exact_match": 0.0,
    "hamming_distance": 6.335375,
    "pred_pos_mean": 5.773925,
    "true_pos_mean": 2.0,
    "support_precision": 0.12450536940097809,
    "support_recall": 0.3596375,
    "soft_residual_abs_mean": 32.2528180053711,
    "soft_circular_loss": 1.0195403099060059,
    "hard_residual_abs_mean": 31.75825703125,
    "hard_circular_loss": 1.0003411613464355
  },
  "best_val_metrics": {
    "loss": 0.4909552961349487,
    "loss_sup": 0.3889208633899689,
    "loss_rec": 1.0203443138122559,
    "loss_sparse": 0.0,
    "coord_acc": 0.5981374991416931,
    "exact_match": 0.0,
    "hamming_distance": 6.429799976348877,
    "pred_pos_mean": 5.863399977874756,
    "true_pos_mean": 2.0,
    "support_precision": 0.12316143225431442,
    "support_recall": 0.35840000038146974,
    "soft_residual_abs_mean": 32.277878509521486,
    "soft_circular_loss": 1.0203443138122559,
    "hard_residual_abs_mean": 31.703206188964845,
    "hard_circular_loss": 0.9982329878807068
  },
  "best_decode_threshold": 0.0,
  "final_test_metrics": {
    "loss": 0.49088288712501527,
    "loss_sup": 0.38892022061347964,
    "loss_rec": 1.01962662525177,
    "loss_sparse": 0.0,
    "coord_acc": 0.6092624983787537,
    "exact_match": 0.0,
    "hamming_distance": 6.251799988555908,
    "pred_pos_mean": 5.839399982452393,
    "true_pos_mean": 2.0,
    "support_precision": 0.13557762475013732,
    "support_recall": 0.3968999984741211,
    "soft_residual_abs_mean": 32.25083309936524,
    "soft_circular_loss": 1.01962662525177,
    "hard_residual_abs_mean": 31.769209259033204,
    "hard_circular_loss": 1.0010151189804077
  },
  "args": {
    "n": 16,
    "M": 128,
    "q": 127,
    "num_samples": 50000,
    "train_fraction": 0.8,
    "val_fraction": 0.1,
    "secret_split": true,
    "train_secret_fraction": 0.8,
    "val_secret_fraction": 0.1,
    "split_seed": 1234,
    "split_trials": 128,
    "batch_size": 512,
    "epochs": 50,
    "lr": 0.0001,
    "weight_decay": 0.001,
    "sigma_e": 1.0,
    "secret_mode": "fixed_h",
    "h": 2,
    "blind_h": true,
    "T": 3,
    "embed_dim": 128,
    "num_heads": 4,
    "depth": 2,
    "step_size": 0.5,
    "loss_rec_weight": 0.1,
    "loss_sparse_weight": 0.01,
    "pos_weight_mode": "none",
    "pos_weight": 1.0,
    "decode_mode": "mean_score",
    "run_dir": null,
    "save_best": false,
    "log_interval": 1,
    "seed": 0
  }
}