{
  "best_epoch": 6,
  "best_train_metrics": {
    "loss": 0.41823630094528197,
    "loss_sup": 0.329276132774353,
    "loss_rec": 0.8862611587524414,
    "loss_sparse": 0.03340490962266922,
    "coord_acc": 0.842965625,
    "exact_match": 0.190875,
    "hamming_distance": 2.51255,
    "support_precision": 0.3718625,
    "support_recall": 0.3718625,
    "soft_residual_abs_mean": 28.78557672729492,
    "soft_circular_loss": 0.8862611587524414,
    "hard_residual_abs_mean": 25.3874287109375,
    "hard_circular_loss": 0.7974354176521301
  },
  "best_test_metrics": {
    "loss": 0.4396894554138184,
    "loss_sup": 0.3501143383026123,
    "loss_rec": 0.8926424715042114,
    "loss_sparse": 0.03108671769499779,
    "coord_acc": 0.8262749994277954,
    "exact_match": 0.13610000007152556,
    "hamming_distance": 2.7796000026702883,
    "support_precision": 0.30510000014305116,
    "support_recall": 0.30510000014305116,
    "soft_residual_abs_mean": 28.94446122741699,
    "soft_circular_loss": 0.8926424715042114,
    "hard_residual_abs_mean": 27.07592811279297,
    "hard_circular_loss": 0.8502501769065857
  },
  "args": {
    "n": 16,
    "M": 128,
    "q": 127,
    "num_samples": 50000,
    "train_fraction": 0.8,
    "secret_split": true,
    "train_secret_fraction": 0.8,
    "split_seed": 1234,
    "batch_size": 512,
    "epochs": 50,
    "lr": 0.0001,
    "weight_decay": 0.001,
    "sigma_e": 0.0,
    "secret_mode": "fixed_h",
    "h": 2,
    "T": 3,
    "embed_dim": 128,
    "num_heads": 4,
    "depth": 2,
    "step_size": 0.5,
    "loss_rec_weight": 0.1,
    "loss_sparse_weight": 0.01,
    "run_dir": null,
    "save_best": false,
    "log_interval": 1,
    "seed": 0
  }
}