{
  "best_epoch": 1,
  "best_train_metrics": {
    "loss": 0.4967417815685272,
    "loss_sup": 0.39484868545532226,
    "loss_rec": 1.0189309581756592,
    "loss_sparse": 0.0,
    "coord_acc": 0.8695546875,
    "exact_match": 5e-05,
    "hamming_distance": 2.087125,
    "support_precision": 0.003698319625854492,
    "support_recall": 0.007425,
    "soft_residual_abs_mean": 32.23720458984375,
    "soft_circular_loss": 1.0189309581756592,
    "hard_residual_abs_mean": 31.7502904296875,
    "hard_circular_loss": 1.000096827507019
  },
  "best_val_metrics": {
    "loss": 0.4909603551864624,
    "loss_sup": 0.38892541761398314,
    "loss_rec": 1.0203493419647216,
    "loss_sparse": 0.0,
    "coord_acc": 0.875,
    "exact_match": 0.0,
    "hamming_distance": 2.0,
    "support_precision": 0.0,
    "support_recall": 0.0,
    "soft_residual_abs_mean": 32.27800131225586,
    "soft_circular_loss": 1.0203493419647216,
    "hard_residual_abs_mean": 31.763781140136718,
    "hard_circular_loss": 1.000558807373047
  },
  "final_test_metrics": {
    "loss": 0.4908875515460968,
    "loss_sup": 0.3889243896961212,
    "loss_rec": 1.019631572532654,
    "loss_sparse": 0.0,
    "coord_acc": 0.875,
    "exact_match": 0.0,
    "hamming_distance": 2.0,
    "support_precision": 0.0,
    "support_recall": 0.0,
    "soft_residual_abs_mean": 32.25096445922851,
    "soft_circular_loss": 1.019631572532654,
    "hard_residual_abs_mean": 31.757028143310546,
    "hard_circular_loss": 1.000354437637329
  },
  "args": {
    "n": 16,
    "M": 128,
    "q": 127,
    "num_samples": 50000,
    "train_fraction": 0.8,
    "val_fraction": 0.1,
    "secret_split": true,
    "train_secret_fraction": 0.8,
    "val_secret_fraction": 0.1,
    "split_seed": 1234,
    "split_trials": 128,
    "batch_size": 512,
    "epochs": 50,
    "lr": 0.0001,
    "weight_decay": 0.001,
    "sigma_e": 1.0,
    "secret_mode": "fixed_h",
    "h": 2,
    "blind_h": true,
    "T": 3,
    "embed_dim": 128,
    "num_heads": 4,
    "depth": 2,
    "step_size": 0.5,
    "loss_rec_weight": 0.1,
    "loss_sparse_weight": 0.01,
    "run_dir": null,
    "save_best": false,
    "log_interval": 1,
    "seed": 0
  }
}